compressor,dataset,num_values,uncompressed_bits,compressed_bits,compression_ratio,compression_throughput_mbs,decompression_throughput_mbs,random_access_ns,random_access_mbs,range_10_mbs,range_100_mbs,range_1000_mbs,range_10000_mbs,range_100000_mbs
lz4,AP,137721453,8814172992,2331232032,0.2645,441.5387,849.6456,6292.4617,1.2125,11.2671,108.7826,551.9562,910.3052,930.2825
zstd,AP,137721453,8814172992,1570667400,0.1782,191.7420,465.6807,14945.2424,0.5105,5.0274,48.7464,255.0970,442.8051,475.2648
brotli,AP,137721453,8814172992,1114406600,0.1264,0.3415,305.6237,21971.8508,0.3472,3.3991,32.5721,171.6779,301.2245,327.8762
xz,AP,137721453,8814172992,1084008352,0.1230,3.0885,87.0291,84070.4178,0.0908,0.8690,7.9110,42.6657,77.2204,84.7213
snappy,AP,137721453,8814172992,2182348416,0.2476,430.9109,704.3956,9792.4437,0.7791,7.6776,71.1180,376.8688,642.2164,678.3650
NeaTS,AP,137721453,8814172992,1750722168,0.1986,0.8634,3875.5536,321.9897,23.6945,169.3620,991.3632,2624.3396,4175.2986,4703.2632
DAC,AP,137721453,8814172992,3625437504,0.4113,175.9384,657.9175,115.1513,66.2554,198.8283,548.1955,731.8497,802.1361,790.7010
rle_gef,AP,137721453,8814172992,1266134784,0.1436,593.8339,898.0722,100.6629,75.7915,239.5089,727.2553,919.4350,953.9721,952.8256
u_gef_approximate,AP,137721453,8814172992,1649991136,0.1872,322.8347,939.7644,350.5549,21.7638,99.2816,494.7185,878.1616,1013.6626,1002.7108
u_gef_optimal,AP,137721453,8814172992,1407384384,0.1597,202.8611,1228.4825,292.8917,26.0485,126.7013,602.5524,1062.9155,1300.2219,1348.6584
b_gef_approximate,AP,137721453,8814172992,1602167904,0.1818,333.7449,820.9892,635.6014,12.0034,63.1331,411.3996,802.8346,945.0024,942.4668
b_gef_optimal,AP,137721453,8814172992,1442670944,0.1637,201.8344,982.1672,478.8765,15.9319,78.6984,461.2394,897.5784,1047.5094,1082.6002
b_star_gef_approximate,AP,137721453,8814172992,1469152000,0.1667,348.3778,1147.9848,298.9865,25.5175,139.2390,654.0911,1093.6624,1228.6998,1255.5125
b_star_gef_optimal,AP,137721453,8814172992,1468108928,0.1666,300.2079,1140.8530,286.8560,26.5966,144.9371,665.6767,1123.7017,1232.5923,1234.8256
LeCo,AP,137721453,8814172992,2081996936,0.2362,655.0644,2655.5097,56.5070,135.0169,21.4235,203.5390,1135.8159,2074.1222,2236.8552
Gorilla,AP,137721453,8814172992,3315733187,0.3762,758.3296,753.3621,5893.6451,1.2945,14.2287,126.6604,521.9174,754.0152,791.1684
Chimp,AP,137721453,8814172992,3147795666,0.3571,421.5234,694.4578,6963.5402,1.0956,12.0157,108.0337,435.0791,633.1977,655.5411
Chimp128,AP,137721453,8814172992,2639464642,0.2995,99.9963,546.9856,6917.8843,1.1029,12.6218,112.8225,465.0254,668.4416,701.9498
TSXor,AP,137721453,8814172992,3060688504,0.3472,50.7255,738.8184,6111.3539,1.2484,12.9963,114.4981,482.8736,719.2888,751.7523
Elf,AP,137721453,8814172992,3274050916,0.3715,185.4171,385.8639,11076.5985,0.6888,6.9055,59.1760,233.9731,333.6678,349.6752
Camel,AP,137721453,8814172992,3843653301,0.4361,126.0305,162.1862,24520.2046,0.3111,2.7778,23.2938,91.9164,128.4619,145.7710
Falcon,AP,137721453,8814172992,1415649184,0.1606,116.3763,314.7907,22087.6520,0.3454,3.4750,32.9543,176.4363,313.8676,337.4629
ALP,AP,137721453,8814172992,2212179776,0.2510,1178.1296,5843.0870,1334.8278,5.7156,57.1579,810.4568,6301.7416,11537.9718,12477.0274
lz4,BM,17964,1149696,500264,0.4351,392.1836,863.0198,6857.1862,1.1126,11.1173,100.0460,505.3939,846.5636
zstd,BM,17964,1149696,338496,0.2944,152.7409,373.2501,17845.1107,0.4275,4.2234,38.3656,203.0034,357.9962
brotli,BM,17964,1149696,237024,0.2062,0.5248,228.4835,29278.7361,0.2606,2.5693,23.4276,125.7611,223.9308
xz,BM,17964,1149696,226016,0.1966,2.1577,60.9925,121287.9676,0.0629,0.6247,5.7118,31.1050,56.6551
snappy,BM,17964,1149696,451760,0.3929,405.0994,499.7209,12893.0916,0.5917,5.8046,52.5613,277.5077,485.2411
NeaTS,BM,17964,1149696,275256,0.2394,0.6224,2798.7430,55.9481,136.3656,668.1983,2457.3290,3823.1154,4549.0090
DAC,BM,17964,1149696,430208,0.3742,95.8044,858.7048,15.1783,502.6506,672.7541,802.8947,822.0975,793.1269
rle_gef,BM,17964,1149696,275536,0.2397,656.9605,1627.3771,22.1328,344.7098,603.2086,1473.9943,1957.9786,2029.5444
u_gef_approximate,BM,17964,1149696,275768,0.2399,317.4364,1033.1100,87.6417,87.0521,206.3582,752.2893,1061.9021,1132.4920
u_gef_optimal,BM,17964,1149696,275768,0.2399,184.0267,1080.8454,85.4841,89.2493,209.0344,746.4644,1063.5163,1125.9989
b_gef_approximate,BM,17964,1149696,282448,0.2457,335.7935,1122.5046,132.8088,57.4464,149.9144,712.4243,1163.3366,1258.7868
b_gef_optimal,BM,17964,1149696,254608,0.2215,180.7498,862.9491,146.4081,52.1105,115.3832,545.5428,843.5234,891.1881
b_star_gef_approximate,BM,17964,1149696,279568,0.2432,364.4493,1447.7684,64.7284,117.8679,355.6779,1123.2397,1678.5952,1746.6097
b_star_gef_optimal,BM,17964,1149696,279568,0.2432,323.4483,1532.2762,63.6680,119.8309,355.0651,1123.6534,1677.7534,1761.8085
LeCo,BM,17964,1149696,359456,0.3127,594.6763,2591.1151,7.0425,1083.3413,23.8807,218.3232,1172.0362,2067.8486
Gorilla,BM,17964,1149696,840227,0.7308,667.9815,623.5217,6508.6605,1.1722,13.1069,111.7117,459.3249,675.8654
Chimp,BM,17964,1149696,751258,0.6534,360.9004,515.3256,7481.9237,1.0197,10.5692,86.9695,360.6691,529.1054
Chimp128,BM,17964,1149696,470906,0.4096,224.4575,519.1515,6794.7098,1.1228,12.5670,105.8538,409.5611,588.1182
TSXor,BM,17964,1149696,554408,0.4822,32.3809,591.5117,6728.5251,1.1339,11.1168,95.3510,389.8086,578.6390
Elf,BM,17964,1149696,750541,0.6528,143.3108,277.7665,14313.6214,0.5330,5.1131,43.7065,175.3738,255.4496
Camel,BM,17964,1149696,470978,0.4097,118.4904,166.1324,23645.5634,0.3227,3.0156,25.8599,102.7541,143.3368
Falcon,BM,17964,1149696,256576,0.2232,95.4894,253.6810,27671.5607,0.2757,2.7427,25.0681,135.3579,241.8567
ALP,BM,17964,1149696,376624,0.3276,760.2816,9807.8176,289.8873,26.3185,260.7240,2250.5655,10142.0762,16297.3799,0.0000
lz4,BP,6782,434048,299472,0.6900,336.0495,1151.8310,4717.8670,1.6171,15.5209,139.6257,675.3174
zstd,BP,6782,434048,286240,0.6595,117.3756,260.0350,24223.7940,0.3150,3.1380,28.9161,149.1381
brotli,BP,6782,434048,172736,0.3980,0.5358,175.5824,35488.1770,0.2150,2.1358,19.7053,104.2662
xz,BP,6782,434048,160384,0.3695,2.2258,24.4626,224029.0030,0.0341,0.3180,3.0220,15.9489
snappy,BP,6782,434048,308872,0.7116,311.9596,418.3718,15777.7995,0.4836,4.8262,44.6685,231.7825
NeaTS,BP,6782,434048,174840,0.4028,1.1687,4501.3096,59.5791,128.0549,803.1922,3196.6290,5230.9436
DAC,BP,6782,434048,198912,0.4583,146.3068,1386.0850,8.8066,866.3294,1025.3405,1369.1275,1436.9978
rle_gef,BP,6782,434048,158352,0.3648,608.9365,897.0312,24.0107,317.7497,543.0823,1098.3387,1439.6694
u_gef_approximate,BP,6782,434048,160824,0.3705,275.4960,743.6091,70.0843,108.8602,206.6759,666.7633,1014.9794
u_gef_optimal,BP,6782,434048,160312,0.3693,160.0079,917.1122,72.0072,105.9532,232.5102,732.0891,1098.2146
b_gef_approximate,BP,6782,434048,156688,0.3610,265.4254,771.0111,129.2517,59.0274,121.6976,567.0956,853.0137
b_gef_optimal,BP,6782,434048,156688,0.3610,152.9799,865.1444,131.6165,57.9669,121.4541,570.6694,850.6539
b_star_gef_approximate,BP,6782,434048,149520,0.3445,290.9288,984.7284,58.4821,130.4568,334.7842,942.6323,1559.8267
b_star_gef_optimal,BP,6782,434048,149520,0.3445,265.0162,1219.0207,64.3129,118.6293,339.7905,949.3354,1553.2250
LeCo,BP,6782,434048,172016,0.3963,486.3891,2436.6637,6.5806,1159.3848,23.1684,208.8299,1116.2962
Gorilla,BP,6782,434048,359031,0.8272,689.5513,619.2708,6159.7843,1.2386,14.8334,127.5903,506.7716
Chimp,BP,6782,434048,332736,0.7666,343.6514,527.0817,7208.7666,1.0583,11.5287,97.0241,376.3897
Chimp128,BP,6782,434048,312791,0.7206,237.9373,411.3277,8084.9935,0.9436,11.0905,91.4918,341.2178
TSXor,BP,6782,434048,381344,0.8786,16.3231,467.6659,7643.3900,0.9982,10.1272,84.2610,330.9545
Elf,BP,6782,434048,294243,0.6779,154.8339,265.0216,13847.2074,0.5510,5.5071,46.6390,180.2458
Camel,BP,6782,434048,275225,0.6341,99.8831,123.9393,30253.8156,0.2522,2.4858,20.9916,80.3730
Falcon,BP,6782,434048,155232,0.3576,82.5136,228.2887,29077.8579,0.2624,2.4960,24.0247,127.3114
ALP,BP,6782,434048,158464,0.3651,450.7819,6296.2465,268.0631,28.4612,286.7203,2510.8079,11402.0319,0.0000,0.0000
lz4,BT,129669,8298816,5572752,0.6715,392.0302,901.6271,6774.3395,1.1262,10.9343,98.0398,491.5711,810.3280,881.7752
zstd,BT,129669,8298816,4818560,0.5806,144.5106,316.7487,22485.1493,0.3393,3.2067,29.1642,159.1131,292.1980,311.5253
brotli,BT,129669,8298816,3788488,0.4565,0.5775,163.8103,43505.2472,0.1754,1.7517,15.9171,86.1744,154.7763,166.1194
xz,BT,129669,8298816,3785408,0.4561,2.8413,30.1729,252143.7324,0.0303,0.3018,2.7661,15.1526,27.2478,28.8092
snappy,BT,129669,8298816,5688360,0.6854,358.2504,433.3059,16320.6369,0.4675,4.6430,41.8400,220.7957,370.7256,403.5510
NeaTS,BT,129669,8298816,5401822,0.6509,1.2586,1595.1318,62.5354,122.0011,476.7531,1257.0779,1599.3252,1941.9769,2322.0208
DAC,BT,129669,8298816,4736064,0.5707,155.5896,1198.4319,11.6581,654.4275,849.7859,1114.4867,1162.8364,1180.5677,1126.2804
rle_gef,BT,129669,8298816,4375056,0.5272,567.5830,835.0737,26.1115,292.1857,426.6443,772.9226,866.9714,863.7644,845.7802
u_gef_approximate,BT,129669,8298816,4380792,0.5279,323.0122,882.4994,95.7023,79.7201,160.4349,593.5354,886.9589,934.6000,891.5466
u_gef_optimal,BT,129669,8298816,4379000,0.5277,113.6847,855.7405,113.3262,67.3225,158.8374,562.8648,849.2765,897.7429,905.5187
b_gef_approximate,BT,129669,8298816,4360592,0.5254,306.0844,824.0082,196.9604,38.7357,102.9111,505.2400,803.1420,859.1881,848.0156
b_gef_optimal,BT,129669,8298816,4360592,0.5254,126.1726,831.4432,196.0801,38.9096,103.6915,511.5488,806.3639,861.0592,821.2340
b_star_gef_approximate,BT,129669,8298816,4224720,0.5091,304.1759,1006.7387,84.9417,89.8192,279.2798,786.0862,1044.1978,1075.3859,1078.3750
b_star_gef_optimal,BT,129669,8298816,4224720,0.5091,294.5562,1095.6848,80.6275,94.6253,296.7282,822.2312,1082.9414,1141.3974,1114.3556
LeCo,BT,129669,8298816,4546656,0.5479,481.2289,2217.0439,7.6368,999.0342,20.5372,187.1234,1005.5863,1803.9836,1901.8732
Gorilla,BT,129669,8298816,7704051,0.9283,665.0747,609.2943,7100.8721,1.0744,12.7713,109.2818,451.3616,675.5213,705.2518
Chimp,BT,129669,8298816,7009359,0.8446,358.0142,513.6852,8133.0311,0.9381,10.1732,86.4338,347.7092,509.8673,528.8815
Chimp128,BT,129669,8298816,4020739,0.4845,233.5595,460.1349,8084.8210,0.9437,10.4538,82.6807,320.4404,466.5101,509.5629
TSXor,BT,129669,8298816,4639304,0.5590,17.5930,510.5000,7891.8711,0.9667,9.5142,82.2185,321.9603,471.4448,488.2528
Elf,BT,129669,8298816,6773854,0.8162,137.0884,255.1797,16494.2050,0.4625,4.6607,39.4320,155.0102,220.9861,223.1260
Camel,BT,129669,8298816,4359731,0.5253,105.5128,95.0733,39881.8845,0.1913,1.6626,14.1691,55.1098,80.4428,84.4116
Falcon,BT,129669,8298816,4331712,0.5220,69.8433,182.2541,39204.7129,0.1946,1.9383,17.6311,95.3602,173.1342,187.2529
ALP,BT,129669,8298816,3910560,0.4712,1098.8734,8702.6158,349.4879,21.8302,213.2645,1881.6290,8640.8388,13954.4992,12554.0716
lz4,BW,129669,8298816,4870864,0.5869,364.4263,849.6055,7312.5262,1.0433,10.1608,91.1154,464.5130,753.2749,821.1071
zstd,BW,129669,8298816,4165400,0.5019,149.8043,295.4480,23968.0320,0.3183,3.1573,28.9458,153.6163,272.2991,290.7622
brotli,BW,129669,8298816,3438360,0.4143,0.5464,148.6971,46822.1859,0.1629,1.6224,14.8086,76.4119,139.4387,155.3885
xz,BW,129669,8298816,2997664,0.3612,2.8869,37.2314,203714.6056,0.0375,0.3753,3.4317,18.7716,33.7468,36.7767
snappy,BW,129669,8298816,4868912,0.5867,382.5461,446.0968,15339.2075,0.4974,4.6643,42.9583,229.6144,411.0228,437.0844
NeaTS,BW,129669,8298816,3753624,0.4523,1.1053,4861.6441,57.6873,132.2542,712.4190,3267.2793,5490.8023,6064.2291,6080.8834
DAC,BW,129669,8298816,3810304,0.4591,157.0312,1310.2859,9.9839,764.1734,902.5131,1223.8917,1290.7684,1295.8939,1279.6267
rle_gef,BW,129669,8298816,3792912,0.4570,673.2382,1388.7389,25.6060,297.9539,550.9053,1212.7113,1526.9312,1568.8225,1513.0254
u_gef_approximate,BW,129669,8298816,3871992,0.4666,310.6350,1041.9038,104.7077,72.8638,220.3801,783.6932,1121.7688,1165.3141,1123.7855
u_gef_optimal,BW,129669,8298816,3855864,0.4646,128.1354,1208.3447,100.3936,75.9948,246.7749,865.6082,1242.1205,1212.2802,1260.7125
b_gef_approximate,BW,129669,8298816,3884944,0.4681,348.1489,1251.4718,151.0181,50.5197,146.6305,695.9195,1195.1528,1220.0088,1187.8043
b_gef_optimal,BW,129669,8298816,3680336,0.4435,114.6547,914.5464,186.2297,40.9677,104.9090,517.0437,841.9583,898.5273,924.5245
b_star_gef_approximate,BW,129669,8298816,3895440,0.4694,325.0306,1473.1706,78.0270,97.7789,330.4818,1009.4397,1504.2601,1522.4023,1413.0385
b_star_gef_optimal,BW,129669,8298816,3895440,0.4694,273.0371,1446.8172,83.7069,91.1442,321.6183,997.4910,1466.2186,1482.0055,1568.7882
LeCo,BW,129669,8298816,4026912,0.4852,576.4721,2253.2957,7.7472,984.7907,20.8476,195.3629,1049.4396,1847.0549,1970.4521
Gorilla,BW,129669,8298816,8271426,0.9967,711.5231,644.1542,6763.2620,1.1281,12.9132,110.6151,457.6540,707.5793,732.9828
Chimp,BW,129669,8298816,7266836,0.8756,337.5932,486.5910,8904.5177,0.8568,9.3928,79.9190,312.8525,447.6491,490.3837
Chimp128,BW,129669,8298816,5911451,0.7123,232.1360,375.3799,9493.2691,0.8037,8.6845,73.3519,287.3618,415.0290,428.8127
TSXor,BW,129669,8298816,6826792,0.8226,18.0619,466.0873,8713.1459,0.8756,8.3231,73.0447,296.1845,427.8337,463.2632
Elf,BW,129669,8298816,6642183,0.8004,123.7338,221.0478,17477.2128,0.4365,4.5096,37.6492,147.8094,215.1066,227.1763
Camel,BW,129669,8298816,4454002,0.5367,100.4426,98.6355,41097.4048,0.1856,1.6103,13.4062,50.4222,73.1127,82.3268
Falcon,BW,129669,8298816,3690464,0.4447,72.6543,199.1792,36460.8763,0.2092,2.0827,19.0532,103.2677,185.4433,200.1825
ALP,BW,129669,8298816,3987200,0.4805,367.3250,3507.3581,785.9395,9.7074,119.7018,1048.0067,4844.8897,10722.3773,11618.7433
lz4,CT,2826654,180905856,77547384,0.4287,385.2915,751.9508,8596.5524,0.8875,8.8672,79.9558,409.8181,643.2425,725.4080
zstd,CT,2826654,180905856,45740160,0.2528,173.2707,312.9209,21705.4469,0.3515,3.6136,32.9511,176.0374,304.0255,330.4190
brotli,CT,2826654,180905856,29528744,0.1632,0.6057,272.7519,27361.1847,0.2788,2.8501,25.9396,130.7686,239.6361,256.3505
xz,CT,2826654,180905856,28348608,0.1567,2.1751,68.5755,110632.9081,0.0690,0.6887,6.2969,34.4929,60.9165,67.5521
snappy,CT,2826654,180905856,68009960,0.3759,464.4791,510.2242,13380.1132,0.5702,5.5936,50.3831,268.7811,467.3848,493.2206
NeaTS,CT,2826654,180905856,25700226,0.1421,0.7725,2206.1542,65.5201,116.4436,520.5074,1587.8046,2190.4510,2233.8656,2022.2806
DAC,CT,2826654,180905856,34627008,0.1914,254.3864,1332.6885,16.5840,460.0455,831.8218,1203.4070,1307.8638,1318.1511,1328.5817
rle_gef,CT,2826654,180905856,25110416,0.1388,508.6538,758.5657,31.6705,240.8988,393.9771,730.3644,834.3909,838.7911,801.2555
u_gef_approximate,CT,2826654,180905856,25442040,0.1406,271.3893,843.4943,116.6067,65.4285,144.8053,551.4779,850.9861,895.6478,943.8622
u_gef_optimal,CT,2826654,180905856,25430200,0.1406,251.0813,916.1009,110.7228,68.9054,156.4885,603.2940,819.7892,1004.5676,988.8620
b_gef_approximate,CT,2826654,180905856,25688528,0.1420,267.3574,817.0692,239.9986,31.7893,98.6680,496.4805,797.7904,854.8189,848.0446
b_gef_optimal,CT,2826654,180905856,25589520,0.1415,249.2417,760.2901,222.8706,34.2324,95.9631,470.0970,748.1122,790.1419,791.7027
b_star_gef_approximate,CT,2826654,180905856,23018832,0.1272,303.0424,1158.3497,94.2015,80.9901,274.2458,877.9551,1219.8680,1269.6508,1244.9238
b_star_gef_optimal,CT,2826654,180905856,23018832,0.1272,265.0078,1160.7131,92.6048,82.3866,275.2032,878.8196,1218.2353,1269.5990,1242.5612
LeCo,CT,2826654,180905856,27769328,0.1535,622.1215,2812.3503,13.5881,561.4771,25.1607,239.2362,1299.6521,2299.3471,2396.5737
Gorilla,CT,2826654,180905856,157525594,0.8708,680.3504,597.1294,7138.7300,1.0687,12.1959,107.0944,461.0184,682.4227,701.7141
Chimp,CT,2826654,180905856,133259445,0.7366,340.2969,456.0234,9216.0651,0.8278,9.1819,78.9176,327.7173,478.3612,499.9836
Chimp128,CT,2826654,180905856,64981080,0.3592,106.4635,485.4247,7202.3321,1.0593,11.4581,97.1460,393.2369,564.4327,581.6407
TSXor,CT,2826654,180905856,56265888,0.3110,22.6712,596.1511,6782.4953,1.1249,10.7743,92.0653,390.0463,575.6742,589.1031
Elf,CT,2826654,180905856,119325936,0.6596,166.6036,286.0276,13990.3977,0.5453,5.3492,45.2489,182.5516,260.6082,271.1545
Camel,CT,2826654,180905856,42164937,0.2331,131.2099,242.0471,16075.4990,0.4746,4.9978,42.0897,168.3463,237.2152,247.3212
Falcon,CT,2826654,180905856,25243808,0.1395,127.8905,459.2327,15296.9699,0.4988,4.9624,45.1322,242.0470,428.3616,463.1346
ALP,CT,2826654,180905856,27720656,0.1532,1157.9330,5143.1276,441.5808,17.2775,183.6556,1709.3822,9038.2511,14416.1377,15079.0394
lz4,DP,5413914,346490496,168255784,0.4856,397.4918,885.2476,7248.4418,1.0526,4.6835,77.3977,421.9840,748.9073,823.7945
zstd,DP,5413914,346490496,101511488,0.2930,172.5260,293.4832,23614.9057,0.3231,3.2678,30.1109,161.5837,254.7386,301.5120
brotli,DP,5413914,346490496,58805216,0.1697,0.6699,283.0813,24357.1447,0.3132,3.1222,28.2615,127.3842,271.9469,292.2552
xz,DP,5413914,346490496,56550240,0.1632,2.6249,60.2745,121706.3126,0.0627,0.5237,5.2004,28.9138,52.1849,63.3558
snappy,DP,5413914,346490496,164760736,0.4755,395.3920,436.0853,15973.2150,0.4776,4.7299,42.8866,229.3132,401.2086,422.2429
NeaTS,DP,5413914,346490496,55872215,0.1613,0.6998,2299.1639,76.3910,99.8730,471.0349,1559.4951,2206.1501,2375.8184,2500.0278
DAC,DP,5413914,346490496,93390720,0.2695,244.2536,1500.1401,23.8870,319.3955,780.8522,1276.7970,1458.5939,1510.0116,1497.8080
rle_gef,DP,5413914,346490496,55564384,0.1604,595.1442,977.1371,35.9854,212.0134,457.0342,865.3097,1046.5720,1013.8473,1020.5740
u_gef_approximate,DP,5413914,346490496,58556592,0.1690,280.0225,922.9514,124.8389,61.1139,148.6181,579.2417,913.4812,969.4089,890.3209
u_gef_optimal,DP,5413914,346490496,56448496,0.1629,184.6375,1015.4482,148.9693,51.2146,151.0674,588.0994,985.4988,1064.2591,1136.4902
b_gef_approximate,DP,5413914,346490496,52150784,0.1505,262.1681,802.7771,285.6039,26.7132,90.6099,475.7411,784.5237,865.8616,875.8172
b_gef_optimal,DP,5413914,346490496,52120640,0.1504,209.4818,836.9926,272.9856,27.9480,94.6786,500.4925,823.4348,860.0015,873.5893
b_star_gef_approximate,DP,5413914,346490496,46633376,0.1346,284.0968,1167.3997,111.0028,68.7316,271.1204,864.6692,1208.2114,1253.7874,1228.6257
b_star_gef_optimal,DP,5413914,346490496,46633376,0.1346,282.4797,1166.7739,109.3972,69.7403,274.2656,864.5632,1210.9697,1260.2638,1235.2552
LeCo,DP,5413914,346490496,71991072,0.2078,558.4697,2699.1668,18.1681,419.9343,24.8268,226.2934,1230.3165,2188.0182,2363.0289
Gorilla,DP,5413914,346490496,289314739,0.8350,510.4495,592.6069,7447.1428,1.0245,11.8381,104.7991,445.7432,655.5624,682.7991
Chimp,DP,5413914,346490496,267271665,0.7714,355.3147,511.0568,8311.3025,0.9180,9.4688,83.7085,348.9961,508.9997,524.8301
Chimp128,DP,5413914,346490496,172175934,0.4969,115.7365,411.3032,9494.0447,0.8036,9.1301,78.6174,309.7367,441.7163,457.0575
TSXor,DP,5413914,346490496,211894960,0.6115,18.0776,484.5719,8544.8356,0.8929,8.8513,75.3130,311.3359,446.0738,465.3137
Elf,DP,5413914,346490496,145895648,0.4211,187.5536,281.0553,13355.4053,0.5713,5.8541,49.1602,193.5436,273.5873,285.1727
Camel,DP,5413914,346490496,88552432,0.2556,141.5499,204.2513,19694.4347,0.3874,4.1011,34.4175,134.8042,188.0617,204.5791
Falcon,DP,5413914,346490496,50536672,0.1459,126.0951,436.4784,16217.4968,0.4704,4.6734,41.9067,217.3215,403.0140,436.4002
ALP,DP,5413914,346490496,73413616,0.2119,1174.1685,6555.6786,535.0255,14.2599,180.9537,1685.0589,9085.5732,14629.4761,15135.0617
lz4,DU,334880,21432320,4918240,0.2295,667.2748,1191.0709,4846.4169,1.5742,15.2185,135.6031,671.1727,1103.1496,1132.6608
zstd,DU,334880,21432320,2426368,0.1132,297.3903,545.4436,12322.1040,0.6192,6.0834,55.6095,292.7458,508.8107,543.6114
brotli,DU,334880,21432320,1656624,0.0773,0.4076,451.8140,14959.7556,0.5100,5.0931,46.1732,244.8344,427.6676,453.5069
xz,DU,334880,21432320,1749184,0.0816,2.2140,138.8095,54193.8768,0.1408,1.4087,13.0691,71.3210,125.9158,137.6833
snappy,DU,334880,21432320,3976488,0.1855,697.2905,891.4128,6924.5300,1.1018,10.8226,96.9927,496.0538,827.7547,873.1387
NeaTS,DU,334880,21432320,2034944,0.0949,0.5661,3624.9832,57.4594,132.7789,603.0374,2262.4202,3652.8858,4017.4201,3921.1059
DAC,DU,334880,21432320,2470336,0.1153,221.1805,805.8956,19.3942,393.3845,638.5131,776.6953,800.0029,792.7365,764.7669
rle_gef,DU,334880,21432320,1921200,0.0896,562.9354,1092.6814,23.8162,320.3442,478.0245,521.3180,1146.4433,1178.4914,1114.2116
u_gef_approximate,DU,334880,21432320,2066792,0.0964,322.9389,1207.0661,127.5677,59.8066,158.2632,657.6839,1094.4793,1262.5232,1311.8877
u_gef_optimal,DU,334880,21432320,1941352,0.0906,245.3002,1269.6473,107.8702,70.7275,186.3101,783.6719,1325.3255,1364.1266,1399.5144
b_gef_approximate,DU,334880,21432320,2131120,0.0994,361.1081,1143.9564,191.0680,39.9303,126.6468,648.8208,1109.2562,1179.5189,1196.9591
b_gef_optimal,DU,334880,21432320,1911504,0.0892,260.3165,1159.0266,180.7293,42.2145,123.9976,641.5109,1127.8624,1205.4662,1207.6046
b_star_gef_approximate,DU,334880,21432320,2066096,0.0964,350.9900,1418.6191,80.6044,94.6524,318.2250,1082.1050,1485.8267,1588.7396,1560.1851
b_star_gef_optimal,DU,334880,21432320,2066096,0.0964,340.3469,1489.7865,78.7504,96.8807,321.4519,1085.7387,1558.7382,1614.0340,1560.6161
LeCo,DU,334880,21432320,2843824,0.1327,656.0140,2908.2391,8.0049,953.0930,26.7294,244.2577,1308.6873,2302.0257,2505.5915
Gorilla,DU,334880,21432320,9533590,0.4448,777.1766,767.5337,5749.0505,1.3271,15.4843,129.3344,522.2430,740.1973,775.3065
Chimp,DU,334880,21432320,8529317,0.3980,412.2949,677.4797,6224.1077,1.2258,13.0205,108.1148,444.5345,635.2187,660.7892
Chimp128,DU,334880,21432320,4637517,0.2164,325.8871,606.2344,5684.5577,1.3421,14.4783,118.7942,483.2960,702.4906,751.6588
TSXor,DU,334880,21432320,3918016,0.1828,101.9674,922.2621,4743.2190,1.6085,17.0636,144.7977,627.5239,925.8483,970.6867
Elf,DU,334880,21432320,4504608,0.2102,225.2562,365.6858,10815.5437,0.7054,7.1363,57.3539,232.6392,326.9397,346.6458
Camel,DU,334880,21432320,3888586,0.1814,179.7800,351.9482,11309.2202,0.6746,8.0234,65.7883,257.4594,362.6145,372.4304
Falcon,DU,334880,21432320,1722240,0.0804,134.1912,434.9633,16117.9550,0.4733,4.7163,43.1946,232.2077,409.5325,439.4899
ALP,DU,334880,21432320,2861392,0.1335,1187.1730,8134.6783,277.1349,27.5295,264.0750,2332.5068,10486.9026,15822.8475,16722.0020
lz4,ECG,225750000,14448000000,4868337352,0.3370,541.0349,986.3748,6305.3290,1.2100,11.7276,111.3888,562.0347,938.5354,988.0883
zstd,ECG,225750000,14448000000,2454044368,0.1699,213.8476,439.7964,16169.1746,0.4718,4.6389,43.2150,232.8263,413.7196,442.2289
brotli,ECG,225750000,14448000000,1746501696,0.1209,0.4854,275.1594,23754.3928,0.3212,3.1194,30.8543,157.0447,279.8051,298.9261
xz,ECG,225750000,14448000000,1743190112,0.1207,1.9270,92.5929,82725.5843,0.0922,0.9226,8.6335,46.8822,84.5117,91.6683
snappy,ECG,225750000,14448000000,3769573280,0.2609,505.5719,603.9270,9879.7905,0.7722,7.5444,69.2921,365.4076,629.0996,653.6339
NeaTS,ECG,225750000,14448000000,1956094542,0.1354,0.9725,4010.8488,157.2477,48.5183,261.6305,1489.4738,3301.1012,4182.1508,4356.6599
DAC,ECG,225750000,14448000000,3668438272,0.2539,263.0670,1483.6416,54.8328,139.1394,318.6412,1043.3010,1313.1267,1442.7261,1444.7085
rle_gef,ECG,225750000,14448000000,1840876080,0.1274,543.8210,918.2898,126.5757,60.2753,215.6893,703.1900,901.3494,965.4032,958.6772
u_gef_approximate,ECG,225750000,14448000000,1866966920,0.1292,277.4741,942.4940,698.7068,10.9193,66.4343,403.0340,769.2865,1032.1206,1042.4397
u_gef_optimal,ECG,225750000,14448000000,1855504488,0.1284,252.3880,979.2311,725.5675,10.5151,67.6563,407.3503,793.1244,1071.7367,1085.2596
b_gef_approximate,ECG,225750000,14448000000,1782424656,0.1234,263.9347,772.3535,795.7013,9.5883,57.6389,387.9196,761.6538,894.3879,867.4421
b_gef_optimal,ECG,225750000,14448000000,1770046608,0.1225,230.9795,815.0715,738.3238,10.3334,59.2663,384.5740,742.7788,851.3090,852.6403
b_star_gef_approximate,ECG,225750000,14448000000,1583057072,0.1096,305.5326,1184.2759,311.4123,24.4993,133.8927,674.7931,1148.5031,1289.8572,1273.0617
b_star_gef_optimal,ECG,225750000,14448000000,1583057072,0.1096,269.0031,1195.6260,305.4535,24.9773,135.3156,676.2635,1151.8270,1290.1346,1273.8995
LeCo,ECG,225750000,14448000000,2339551928,0.1619,668.9105,2779.1159,62.6469,121.7841,22.1316,214.3026,1195.1750,2188.2262,2361.6739
Gorilla,ECG,225750000,14448000000,10611147093,0.7344,509.7555,492.8078,9370.5155,0.8142,9.1040,82.5306,363.2283,523.8939,543.0519
Chimp,ECG,225750000,14448000000,9963770510,0.6896,351.6553,501.0628,9241.2079,0.8256,8.7471,77.0007,342.3501,497.1322,521.2051
Chimp128,ECG,225750000,14448000000,3873011228,0.2681,98.2326,529.7741,7525.7851,1.0138,10.8497,94.9429,402.2219,574.7746,601.0323
TSXor,ECG,225750000,14448000000,3452744776,0.2390,62.1324,707.9492,5741.5587,1.3288,13.1403,115.8194,515.3805,761.0050,784.1492
Elf,ECG,225750000,14448000000,4619993975,0.3198,192.7425,260.7185,15539.9003,0.4910,4.8215,40.8079,165.9177,238.1498,250.4327
Camel,ECG,225750000,14448000000,3131918786,0.2168,166.2165,299.1239,13528.8816,0.5639,6.0036,51.2224,206.0557,292.5226,306.6894
Falcon,ECG,225750000,14448000000,1694910784,0.1173,126.5108,396.0355,16427.1657,0.4644,4.7334,43.4474,233.1354,411.9679,439.5243
ALP,ECG,225750000,14448000000,2343094624,0.1622,1224.5787,5661.6197,1308.7869,5.8294,58.7692,833.1341,6416.6049,12379.2655,13895.5867
lz4,GE,43565657,2788202048,841957840,0.3020,554.4165,1010.7287,5968.6544,1.2782,12.3327,113.0138,511.8850,939.0962,990.8143
zstd,GE,43565657,2788202048,424316216,0.1522,236.6947,457.0732,15391.6977,0.4957,4.8739,46.1207,240.9373,417.2638,453.8045
brotli,GE,43565657,2788202048,306508192,0.1099,0.5066,365.3510,19762.6659,0.3861,3.8275,35.5080,186.1172,316.5760,351.2207
xz,GE,43565657,2788202048,307335520,0.1102,1.8956,107.2116,70258.8985,0.1086,1.0783,10.0614,53.9692,97.2528,105.4934
snappy,GE,43565657,2788202048,666029112,0.2389,628.8627,774.7607,8377.6591,0.9107,8.8672,80.7510,411.7335,707.3872,747.9460
NeaTS,GE,43565657,2788202048,338174632,0.1213,0.8107,4684.3885,114.7290,66.4993,381.1130,2043.3127,4095.6006,4669.7702,5032.4464
DAC,GE,43565657,2788202048,809033856,0.2902,259.1388,1296.4492,42.5698,179.2208,434.9749,1021.0411,1221.0869,1308.4709,1311.0702
rle_gef,GE,43565657,2788202048,347280160,0.1246,612.2806,1085.2995,63.9229,119.3532,358.3741,888.8130,1091.5199,1134.0079,1146.8941
u_gef_approximate,GE,43565657,2788202048,382272976,0.1371,296.1048,959.1678,199.1227,38.3150,124.0001,540.9285,899.4297,1003.1221,1003.4397
u_gef_optimal,GE,43565657,2788202048,355359024,0.1275,241.4582,1113.8602,217.9424,35.0065,139.5550,604.8172,1063.1474,1179.9365,1209.5402
b_gef_approximate,GE,43565657,2788202048,322532160,0.1157,298.8346,901.7049,439.6962,17.3515,78.2356,463.5619,839.9636,942.8252,944.4930
b_gef_optimal,GE,43565657,2788202048,324303104,0.1163,232.7591,885.8830,454.9856,16.7684,69.1576,436.5555,839.1164,949.6536,950.0640
b_star_gef_approximate,GE,43565657,2788202048,278720288,0.1000,303.4763,1200.8458,192.1868,39.6978,188.1458,788.3662,1217.0957,1314.2209,1299.2345
b_star_gef_optimal,GE,43565657,2788202048,278720288,0.1000,281.5361,1215.5285,189.0650,40.3533,193.8113,791.0443,1220.7036,1299.8212,1298.6700
LeCo,GE,43565657,2788202048,400320672,0.1436,667.0065,2921.0928,37.5978,202.9211,23.8371,232.3033,1276.4697,2261.5863,2453.1851
Gorilla,GE,43565657,2788202048,1991935452,0.7144,692.1910,619.6913,7225.6801,1.0559,11.9090,105.8828,453.1230,659.3224,688.6542
Chimp,GE,43565657,2788202048,1864044700,0.6685,358.7066,519.6958,8309.0056,0.9182,9.5038,83.1588,348.6805,507.8846,531.4653
Chimp128,GE,43565657,2788202048,586438371,0.2103,153.7382,644.6554,5981.4740,1.2755,13.9273,127.9631,515.5890,740.2833,766.6645
TSXor,GE,43565657,2788202048,596476416,0.2139,71.4969,822.5851,5195.1962,1.4685,14.7752,131.8612,553.2597,816.2565,856.3538
Elf,GE,43565657,2788202048,993340059,0.3563,184.5573,293.5153,14306.3505,0.5333,5.2667,45.1759,181.7630,265.2348,277.2425
Camel,GE,43565657,2788202048,635915659,0.2281,145.3235,251.2754,15935.8256,0.4788,4.9925,42.5544,166.2941,242.7483,252.9121
Falcon,GE,43565657,2788202048,298244960,0.1070,148.9834,472.0643,14530.7328,0.5251,5.2652,49.0421,257.2694,454.3017,487.1654
ALP,GE,43565657,2788202048,382802176,0.1373,1190.7718,6322.2520,1220.1235,6.2530,65.7260,1321.7075,7554.3641,13851.7049,15673.5063
lz4,IT,477050760,30531248640,12596327336,0.4126,442.3482,813.9115,7755.8532,0.9837,9.4784,86.6045,459.2441,777.8048,820.8294
zstd,IT,477050760,30531248640,7147231328,0.2341,184.0346,339.6297,21794.2823,0.3501,3.4458,31.7824,175.9887,312.8966,337.1556
brotli,IT,477050760,30531248640,4334196416,0.1420,0.6118,311.7402,23285.9614,0.3276,3.2613,29.4954,160.4524,284.7476,304.9747
xz,IT,477050760,30531248640,3909879104,0.1281,2.3779,78.6586,96166.2120,0.0793,0.7865,7.1398,39.6670,71.7757,77.7164
snappy,IT,477050760,30531248640,11281988720,0.3695,501.3139,503.0723,13841.2156,0.5512,5.4197,48.7645,263.1564,459.2770,487.7453
NeaTS,IT,477050760,30531248640,3633513300,0.1190,0.9252,3277.8351,171.1246,44.5839,250.5794,1328.9190,2809.2728,3391.3412,3470.6447
DAC,IT,477050760,30531248640,7275659520,0.2383,270.8339,1434.6288,54.3536,140.3659,311.3699,1017.7471,1296.5389,1431.5384,1434.6310
rle_gef,IT,477050760,30531248640,3721418304,0.1219,595.6009,1015.8386,117.7801,64.7766,224.3695,757.0142,998.3184,1081.3072,1070.5677
u_gef_approximate,IT,477050760,30531248640,3756241600,0.1230,312.5822,1038.7169,384.6553,19.8344,96.1031,525.4847,952.9298,1101.7150,1096.8374
u_gef_optimal,IT,477050760,30531248640,3710713984,0.1215,240.2802,1111.2135,402.8068,18.9406,100.6884,541.1653,1009.3569,1172.7126,1175.0520
b_gef_approximate,IT,477050760,30531248640,3491385536,0.1144,305.2776,896.9218,834.5492,9.1419,53.0160,382.4457,808.1545,936.8468,939.8901
b_gef_optimal,IT,477050760,30531248640,3447595616,0.1129,230.4523,850.2866,818.5218,9.3209,51.8187,373.0301,769.0695,886.9886,886.6204
b_star_gef_approximate,IT,477050760,30531248640,3083163648,0.1010,305.5485,1206.1775,340.1222,22.4313,125.0729,673.1746,1169.4218,1299.7768,1287.6946
b_star_gef_optimal,IT,477050760,30531248640,3083163648,0.1010,288.1583,1196.7147,335.9009,22.7132,126.1123,674.9908,1173.5572,1300.7158,1290.0850
LeCo,IT,477050760,30531248640,4976861808,0.1630,676.7025,2881.0506,62.8363,121.4169,22.3812,214.2818,1244.3903,2216.7957,2402.1931
Gorilla,IT,477050760,30531248640,23980368743,0.7854,656.6210,591.7360,7835.8107,0.9737,10.9113,95.2679,425.8876,620.1260,651.2947
Chimp,IT,477050760,30531248640,22060830189,0.7226,352.8796,500.8002,8740.6237,0.8729,9.0336,78.2478,343.3567,498.3143,520.1484
Chimp128,IT,477050760,30531248640,9031417508,0.2958,94.0111,508.4572,8541.4922,0.8932,9.5381,83.7229,356.1685,497.6030,526.6332
TSXor,IT,477050760,30531248640,9471336960,0.3102,25.7864,594.9189,7466.4876,1.0218,9.8857,85.2296,369.9789,540.6964,588.7324
Elf,IT,477050760,30531248640,11460614383,0.3754,185.4022,290.4392,14272.9568,0.5345,5.3661,45.0660,182.9389,262.4970,275.6657
Camel,IT,477050760,30531248640,6035322513,0.1977,152.9873,244.3090,15942.1318,0.4786,4.8028,40.2472,159.7793,233.1638,245.8692
Falcon,IT,477050760,30531248640,3223963040,0.1056,132.6996,443.5278,15277.6764,0.4994,5.0311,45.5906,248.3121,438.5766,468.4139
ALP,IT,477050760,30531248640,5255454000,0.1721,1150.2844,4038.1944,1057.1556,7.2169,68.5712,834.2371,6037.0585,12270.2432,13574.9197
lz4,LAT,24876978,1592126592,829056944,0.5207,406.7463,978.4092,6381.3897,1.1956,11.7396,107.5678,538.2129,906.3193,934.1831
zstd,LAT,24876978,1592126592,648330400,0.4072,155.0113,311.1153,22884.7976,0.3334,3.2813,30.8351,163.0462,289.3405,310.8633
brotli,LAT,24876978,1592126592,376084128,0.2362,0.7196,234.2773,31115.7855,0.2452,2.4089,22.2363,118.9222,213.8351,227.9037
xz,LAT,24876978,1592126592,341609152,0.2146,3.2248,54.0424,139917.8584,0.0545,0.5412,5.0136,27.1437,49.3208,53.3456
snappy,LAT,24876978,1592126592,818162672,0.5139,446.6820,449.5169,15502.6077,0.4921,4.7943,44.1850,234.2293,411.3714,436.0793
NeaTS,LAT,24876978,1592126592,354369520,0.2226,0.8862,4415.2631,105.4933,72.3212,384.4345,1994.2647,3824.5436,4705.2133,4860.2369
DAC,LAT,24876978,1592126592,752606016,0.4727,213.7836,1396.6695,37.5353,203.2589,457.0339,1115.1267,1365.7965,1404.7327,1401.2196
rle_gef,LAT,24876978,1592126592,374362144,0.2351,748.5398,1396.3022,58.3878,130.6675,384.9114,1075.3807,1434.5374,1520.3895,1495.5984
u_gef_approximate,LAT,24876978,1592126592,376974704,0.2368,398.0318,1238.0845,218.6396,34.8948,148.5091,649.9355,1152.4834,1325.1209,1303.3466
u_gef_optimal,LAT,24876978,1592126592,367152304,0.2306,175.7328,1143.3503,218.0998,34.9812,149.0322,647.5789,1117.9030,1271.2471,1257.2485
b_gef_approximate,LAT,24876978,1592126592,375293376,0.2357,398.2023,1204.2443,374.1269,20.3925,94.9321,533.7081,1079.7862,1280.7927,1274.5520
b_gef_optimal,LAT,24876978,1592126592,339162496,0.2130,177.2452,969.8207,390.3253,19.5462,83.9777,472.6769,887.0448,1021.0683,1014.3488
b_star_gef_approximate,LAT,24876978,1592126592,373228896,0.2344,422.6365,1572.2594,166.5065,45.8204,205.1181,892.7901,1576.9934,1742.0364,1702.9625
b_star_gef_optimal,LAT,24876978,1592126592,373228896,0.2344,375.6979,1574.3520,164.6166,46.3464,207.7980,893.2605,1579.7307,1743.1069,1697.6315
LeCo,LAT,24876978,1592126592,472524240,0.2968,654.0454,2576.5435,36.7545,207.5772,23.1725,215.8705,1157.1987,2066.0129,2224.2591
Gorilla,LAT,24876978,1592126592,1020763481,0.6411,676.3526,608.1517,7203.5519,1.0591,11.9142,105.9680,443.0001,640.5528,668.3723
Chimp,LAT,24876978,1592126592,973910371,0.6117,506.2593,786.0816,5569.8788,1.3698,14.8367,132.7323,546.6069,780.7063,816.3392
Chimp128,LAT,24876978,1592126592,702735254,0.4414,251.8173,444.1265,8768.9154,0.8700,9.5351,83.7704,334.7951,474.6258,494.1244
TSXor,LAT,24876978,1592126592,806673544,0.5067,19.4626,533.5106,8114.0678,0.9403,9.4447,82.2001,337.3234,487.8248,512.4926
Elf,LAT,24876978,1592126592,1000648072,0.6285,193.5415,316.9746,13236.4094,0.5764,5.7196,49.6304,197.8333,283.2009,294.7115
Camel,LAT,24876978,1592126592,411450225,0.2584,142.2163,203.1862,19660.9724,0.3880,4.0097,34.0861,133.4318,192.5265,201.6892
Falcon,LAT,24876978,1592126592,307915456,0.1934,113.2132,294.3581,24491.8601,0.3115,3.0923,28.6605,153.2790,275.1962,297.8429
ALP,LAT,24876978,1592126592,405834416,0.2549,1200.0921,4454.7183,734.4328,10.3881,113.3179,1656.8872,7585.9703,12255.3258,12745.1428
lz4,LON,24876978,1592126592,790718296,0.4966,410.0502,944.4425,6557.7943,1.1634,11.2135,102.9562,519.0758,873.0226,919.7297
zstd,LON,24876978,1592126592,520223128,0.3267,158.0021,317.0312,21829.0512,0.3495,3.4045,31.9352,170.0470,302.0151,324.6007
brotli,LON,24876978,1592126592,295873640,0.1858,0.7422,296.2386,24438.8071,0.3122,2.9825,28.3483,151.2745,270.1851,288.9262
xz,LON,24876978,1592126592,270320992,0.1698,3.1903,62.4531,120521.1494,0.0633,0.6264,5.8043,31.1809,56.6692,61.9078
snappy,LON,24876978,1592126592,784410648,0.4927,440.8549,449.6489,15467.0297,0.4933,4.8160,44.3854,233.8446,411.5732,436.0386
NeaTS,LON,24876978,1592126592,279717432,0.1757,0.8391,4096.1843,99.5079,76.6713,408.4051,2095.4188,3887.2517,4723.2678,4874.6673
DAC,LON,24876978,1592126592,752529024,0.4727,212.6173,1434.8479,37.3945,204.0244,467.3488,1132.7479,1376.6134,1409.0470,1403.2579
rle_gef,LON,24876978,1592126592,299384608,0.1880,755.5094,1415.5536,55.8299,136.6543,396.1025,1100.4813,1455.1368,1542.3347,1523.5431
u_gef_approximate,LON,24876978,1592126592,308674544,0.1939,399.7615,1301.7646,214.6968,35.5357,149.9167,664.4485,1213.3784,1402.4147,1388.0116
u_gef_optimal,LON,24876978,1592126592,293098480,0.1841,191.1160,1244.7596,213.7583,35.6917,151.7256,665.4950,1169.9124,1334.5004,1320.0499
b_gef_approximate,LON,24876978,1592126592,305472512,0.1919,401.5404,1205.8036,371.2698,20.5495,94.9794,539.7383,1087.7810,1285.2887,1274.5317
b_gef_optimal,LON,24876978,1592126592,263754432,0.1657,192.4208,981.2336,387.6790,19.6797,84.9486,484.3597,905.3320,1034.6587,1031.6486
b_star_gef_approximate,LON,24876978,1592126592,303031200,0.1903,426.2249,1622.3839,165.3349,46.1451,204.3419,915.9489,1625.7360,1803.0635,1764.9041
b_star_gef_optimal,LON,24876978,1592126592,303031200,0.1903,374.5083,1623.4586,163.2270,46.7410,207.5385,917.5443,1626.7265,1783.0856,1757.4014
LeCo,LON,24876978,1592126592,396765712,0.2492,664.9373,2690.7075,35.9794,212.0489,23.8264,222.4440,1193.1639,2136.5503,2309.1628
Gorilla,LON,24876978,1592126592,998627065,0.6272,682.2300,614.5116,7110.5892,1.0730,12.1047,107.4238,447.3508,646.5305,675.3751
Chimp,LON,24876978,1592126592,980468080,0.6158,511.7970,824.3132,5358.6780,1.4237,15.0884,136.1904,556.3711,792.9286,823.3612
Chimp128,LON,24876978,1592126592,874597282,0.5493,271.6513,506.9551,7561.1835,1.0090,10.7645,95.9314,392.3030,560.3888,585.6117
TSXor,LON,24876978,1592126592,1051337144,0.6603,19.7317,565.4431,7733.6765,0.9865,9.7481,86.2876,353.8448,518.1654,541.4252
Elf,LON,24876978,1592126592,1018551851,0.6397,183.3434,318.3116,13122.3461,0.5814,5.6960,49.4597,197.7139,283.5170,294.4879
Camel,LON,24876978,1592126592,589701901,0.3704,130.9903,171.0179,23151.4192,0.3295,3.2324,27.7150,108.2648,155.4085,162.5231
Falcon,LON,24876978,1592126592,236542592,0.1486,124.0065,337.3564,21146.8799,0.3608,3.5823,33.2140,176.9853,317.1442,341.8453
ALP,LON,24876978,1592126592,411504480,0.2585,1224.4634,4466.6482,726.3634,10.5036,116.0365,1595.1109,7574.2486,12241.0018,12608.4690
lz4,UK,59305325,3795540800,1020805968,0.2689,596.5541,1067.9921,5659.4183,1.3481,12.9790,120.7037,601.0476,995.3355,1047.7334
zstd,UK,59305325,3795540800,491137160,0.1294,260.9382,491.8112,14309.9566,0.5332,5.2142,49.1367,244.8347,453.3523,484.0270
brotli,UK,59305325,3795540800,341901136,0.0901,0.4740,415.3926,17089.9553,0.4464,4.3664,40.2953,211.8637,375.3464,404.9077
xz,UK,59305325,3795540800,355662528,0.0937,1.9852,123.6503,61144.5692,0.1248,1.2251,11.4134,61.4442,110.1387,120.9347
snappy,UK,59305325,3795540800,810672240,0.2136,665.6313,833.3084,7718.6235,0.9884,9.5370,87.5116,447.7860,759.0369,801.0515
NeaTS,UK,59305325,3795540800,345718312,0.0911,0.7869,4554.9976,109.5219,69.6609,399.8389,2177.0907,4037.5550,4845.1769,4695.8877
DAC,UK,59305325,3795540800,978868544,0.2579,242.9898,1058.2654,58.6951,129.9835,362.1934,795.5525,962.0268,1047.4723,1043.7689
rle_gef,UK,59305325,3795540800,348759072,0.0919,627.5228,1153.5074,67.4139,113.1724,346.5315,934.4422,1172.3446,1235.5128,1228.2791
u_gef_approximate,UK,59305325,3795540800,402641360,0.1061,318.4017,1055.7290,222.8292,34.2388,121.5216,574.4930,995.7097,1111.7695,1110.9827
u_gef_optimal,UK,59305325,3795540800,363849552,0.0959,270.7502,1220.4498,245.5080,31.0759,137.1152,637.4168,1151.4414,1309.5481,1308.4373
b_gef_approximate,UK,59305325,3795540800,325289344,0.0857,321.7901,1003.5970,481.7250,15.8377,77.6913,491.0998,944.2967,1065.9127,1064.5901
b_gef_optimal,UK,59305325,3795540800,338291904,0.0891,264.6079,1033.8457,479.3124,15.9174,77.6749,496.1389,970.9816,1106.5919,1111.2788
b_star_gef_approximate,UK,59305325,3795540800,268260448,0.0707,147.2965,1347.1820,213.5213,35.7313,188.7337,838.5817,1365.8059,1467.6046,1455.0748
b_star_gef_optimal,UK,59305325,3795540800,268260448,0.0707,284.1721,1343.9081,210.9185,36.1722,187.1930,834.4493,1363.8934,1466.7621,1454.3627
LeCo,UK,59305325,3795540800,429203488,0.1131,688.3835,2995.3995,39.3303,193.9828,24.3019,240.1067,1307.3273,2351.1384,2550.4726
Gorilla,UK,59305325,3795540800,2050027958,0.5401,719.0034,657.7935,6726.6872,1.1342,12.9223,114.0943,466.2364,685.7148,721.4232
Chimp,UK,59305325,3795540800,1780172907,0.4690,372.8751,546.2452,8060.3558,0.9465,10.3124,90.6467,364.3921,537.7993,569.0375
Chimp128,UK,59305325,3795540800,876193109,0.2308,198.3189,571.1483,6733.7141,1.1330,12.4159,109.1204,413.3582,607.9547,636.1987
TSXor,UK,59305325,3795540800,599796928,0.1580,89.3161,876.4131,4868.9462,1.5669,15.8606,142.1532,583.9614,875.4764,921.1990
Elf,UK,59305325,3795540800,1383437885,0.3645,184.5434,350.1842,12051.9437,0.6330,5.8046,51.7455,208.7381,306.5865,322.0975
Camel,UK,59305325,3795540800,584866959,0.1541,182.0297,341.8005,11456.4415,0.6659,7.8734,67.4080,254.3585,362.3279,377.3721
Falcon,UK,59305325,3795540800,299307360,0.0789,161.1498,540.9798,12682.1327,0.6016,5.9352,55.7393,290.6777,514.0260,553.0922
ALP,UK,59305325,3795540800,450779936,0.1188,1207.7292,5020.7986,1265.4668,6.0289,61.5161,1236.8011,6773.5579,13227.4058,15149.5834
lz4,US,282076178,18052875392,4881159424,0.2704,592.7903,1058.4970,5786.4572,1.3185,12.6352,114.9309,586.3445,975.6358,1027.0946
zstd,US,282076178,18052875392,2306126488,0.1277,263.7318,484.0720,14770.5059,0.5165,5.0919,47.8248,254.5161,449.3931,482.4897
brotli,US,282076178,18052875392,1561934224,0.0865,0.4686,417.0004,17165.2879,0.4445,4.3540,40.3966,215.6996,379.7358,409.4490
xz,US,282076178,18052875392,1648255840,0.0913,1.9111,125.2900,63246.3556,0.1206,1.2399,11.5514,62.9404,114.1754,124.9440
snappy,US,282076178,18052875392,3874632176,0.2146,605.6624,795.5629,8247.1454,0.9251,9.0117,83.2830,436.5753,739.0459,784.9061
NeaTS,US,282076178,18052875392,1449317563,0.0803,0.8525,4533.2496,142.3408,53.5995,293.1115,1752.7069,3867.4616,4875.4723,5009.2561
DAC,US,282076178,18052875392,4504104384,0.2495,255.9260,1204.6074,99.0978,76.9885,225.5354,787.9774,1049.7454,1124.9771,1185.9279
rle_gef,US,282076178,18052875392,1455661680,0.0806,606.7464,1151.6097,112.1846,68.0075,239.2567,871.2463,1143.5665,1218.5872,1230.9799
u_gef_approximate,US,282076178,18052875392,1670143848,0.0925,317.8806,1073.4377,305.6448,24.9616,105.3719,557.7014,1014.3814,1140.5539,1136.7993
u_gef_optimal,US,282076178,18052875392,1509035528,0.0836,281.3691,1223.6861,349.3344,21.8398,114.7035,607.2214,1142.6057,1307.4516,1305.7304
b_gef_approximate,US,282076178,18052875392,1325057168,0.0734,322.8257,1038.7684,683.2160,11.1669,63.1813,454.0344,961.1452,1102.3047,1110.7205
b_gef_optimal,US,282076178,18052875392,1427472272,0.0791,273.0525,1148.1190,679.9651,11.2203,57.7929,437.9131,1026.4847,1182.5518,1223.3517
b_star_gef_approximate,US,282076178,18052875392,1036707952,0.0574,115.4246,1377.0901,272.5521,27.9924,159.8480,822.5994,1420.2408,1522.8763,1491.5932
b_star_gef_optimal,US,282076178,18052875392,1036707952,0.0574,305.6461,1395.7037,269.1245,28.3489,159.1145,818.1072,1418.3671,1524.0703,1517.9268
LeCo,US,282076178,18052875392,1812820688,0.1004,690.9938,3002.4842,56.6551,134.6639,23.1697,236.9887,1299.0526,2375.7263,2577.7868
Gorilla,US,282076178,18052875392,10366307835,0.5742,659.7753,616.4388,7100.6706,1.0745,11.7887,103.6173,440.7132,639.7356,668.5691
Chimp,US,282076178,18052875392,9838243990,0.5450,380.9763,550.5117,7990.6532,0.9548,9.7723,85.4570,361.6181,525.7117,554.7475
Chimp128,US,282076178,18052875392,3410173895,0.1889,103.6462,704.0791,5466.3539,1.3957,15.1940,136.2156,565.2128,816.2151,852.7577
TSXor,US,282076178,18052875392,3401620904,0.1884,88.6670,900.1660,4834.4623,1.5781,15.7630,140.8773,607.5483,902.1111,950.7551
Elf,US,282076178,18052875392,4880124410,0.2703,204.5404,333.8060,12497.4369,0.6105,6.0122,51.4987,204.4140,294.7805,310.8019
Camel,US,282076178,18052875392,3524958460,0.1953,160.5582,285.5504,13629.0854,0.5598,5.9844,51.0285,202.0610,289.3056,299.3738
Falcon,US,282076178,18052875392,1237948128,0.0686,169.9144,559.8537,12059.8903,0.6326,6.4334,59.5660,318.4260,558.0853,600.7870
ALP,US,282076178,18052875392,1919807392,0.1063,1166.4145,4187.7908,951.6913,8.0167,79.4295,1198.5267,6802.4697,13895.3916,15784.0625
lz4,WD,198898762,12729520768,6701511560,0.5265,444.3137,1084.3505,5573.9595,1.3688,13.1240,121.0215,603.6795,1000.9428,1040.5786
zstd,WD,198898762,12729520768,4293542520,0.3373,176.4974,343.1611,20862.6939,0.3657,3.5757,33.5692,178.6285,316.0772,339.4935
brotli,WD,198898762,12729520768,3506455152,0.2755,0.6878,222.3364,32898.2173,0.2319,2.2829,21.2895,113.2972,202.3406,218.7286
xz,WD,198898762,12729520768,2998424224,0.2355,3.0667,49.4159,153209.1153,0.0498,0.4933,4.4015,24.8673,45.1071,48.8933
snappy,WD,198898762,12729520768,6890141280,0.5413,471.3375,434.9042,16058.9189,0.4751,4.6582,43.3693,227.2599,398.6686,422.6247
NeaTS,WD,198898762,12729520768,3165404368,0.2487,1.2139,4182.5577,665.2884,11.4678,58.4685,509.9535,2812.0724,5465.1319,6085.3174
DAC,WD,198898762,12729520768,3277558208,0.2575,242.5642,1162.4848,57.1986,133.3842,288.9142,842.0311,1039.4148,1155.5066,1157.5252
rle_gef,WD,198898762,12729520768,2890887104,0.2271,519.8641,744.8883,106.8533,71.4007,226.4782,593.4362,725.5994,762.7442,768.7504
u_gef_approximate,WD,198898762,12729520768,2914946848,0.2290,294.9256,822.7302,294.0379,25.9470,104.3174,472.8742,759.9826,850.5604,852.4208
u_gef_optimal,WD,198898762,12729520768,2913902592,0.2289,191.6467,814.6409,291.8669,26.1400,103.5484,470.0536,753.2331,844.9353,844.5077
b_gef_approximate,WD,198898762,12729520768,2991545440,0.2350,294.4758,878.7438,550.0478,13.8704,70.2538,413.2114,791.1949,914.1387,913.0278
b_gef_optimal,WD,198898762,12729520768,2904834784,0.2282,186.7272,734.9250,521.2845,14.6358,64.7526,374.5553,670.3888,759.7762,758.7531
b_star_gef_approximate,WD,198898762,12729520768,2908198208,0.2285,313.3845,1153.8247,259.7917,29.3673,149.5407,673.4142,1124.3660,1225.3640,1220.7935
b_star_gef_optimal,WD,198898762,12729520768,2908198208,0.2285,283.9264,1154.8430,252.3247,30.2364,148.0680,671.2639,1121.8589,1231.9942,1220.0854
LeCo,WD,198898762,12729520768,3180490352,0.2499,602.9852,2734.7665,53.6571,142.1881,23.5913,222.1054,1158.3593,1942.6146,2233.3211
Gorilla,WD,198898762,12729520768,11580505269,0.9097,696.0833,627.6225,7614.1245,1.0020,10.7691,97.3132,431.5727,647.3150,714.0089
Chimp,WD,198898762,12729520768,10703370845,0.8408,348.7788,486.3707,9254.9635,0.8244,8.9569,78.9725,330.5571,482.8556,506.0501
Chimp128,WD,198898762,12729520768,5550419499,0.4360,100.6069,481.3540,8461.4696,0.9017,10.0307,88.6806,361.6990,518.5804,538.1730
TSXor,WD,198898762,12729520768,5952532472,0.4676,16.2759,570.8589,7484.5188,1.0194,10.0133,84.7015,357.2618,527.3805,554.1896
Elf,WD,198898762,12729520768,6907094203,0.5426,164.7942,258.8518,15893.4652,0.4800,4.8549,42.1292,163.1960,226.9700,245.9789
Camel,WD,198898762,12729520768,5048579370,0.3966,114.3721,161.0757,24700.4049,0.3089,3.2515,25.5494,102.4576,146.9223,156.5556
Falcon,WD,198898762,12729520768,2991328160,0.2350,100.9720,307.8454,23125.9915,0.3299,3.2842,30.7075,163.3346,291.1475,313.2134
ALP,WD,198898762,12729520768,3182237312,0.2500,1144.4030,6025.2136,1035.9461,7.3647,71.0662,848.4687,6783.5454,11656.4446,11603.2376
